"Time_Iter","Outer_Iter","Inner_Iter",    "rms[Rho]"    ,    "rms[RhoU]"   ,    "rms[RhoV]"   ,    "rms[RhoE]"   ,     "rms[nu]"    
          0,           0,           0,      -4.200548463,      -15.46564893,      -15.83235593,       -3.32871617,      -10.58316791
          0,           0,           1,      -4.726349029,      -4.329689777,      -4.274934736,      -3.831106434,      -10.63460607
          0,           0,           2,      -4.706805495,      -4.327869638,      -4.480332557,      -3.810069054,      -10.72189765
          0,           0,           3,      -4.647603943,      -4.335035262,       -4.40165793,      -3.757760704,      -10.70317862
          0,           0,           4,      -4.610707841,      -4.344492521,      -4.373203512,      -3.716804363,      -10.68051056
          0,           0,           5,      -4.594044647,      -4.359605132,      -4.399796447,      -3.692709956,      -10.65057376
          0,           0,           6,      -4.576874228,      -4.368642095,      -4.416008682,      -3.669196016,      -10.64150176
          0,           0,           7,      -4.557561082,      -4.365623985,      -4.397886156,      -3.646250598,       -10.6443431
          0,           0,           8,      -4.540983353,      -4.353998657,      -4.369145247,      -3.627350612,      -10.64122871
          0,           0,           9,      -4.528620515,      -4.337673015,      -4.347449489,      -3.612482041,      -10.62594846
          0,           0,          10,      -4.523065231,      -4.318753784,      -4.334175491,      -3.603973863,      -10.59780824
          0,           0,          11,       -4.52664904,      -4.299222399,      -4.326450407,      -3.604784744,      -10.56190724
          0,           0,          12,      -4.537623556,      -4.280921975,      -4.322118879,      -3.613856951,      -10.52469083
          0,           0,          13,      -4.550378728,      -4.264832751,      -4.320455629,      -3.625742078,      -10.48875882
          0,           0,          14,      -4.560249363,      -4.250926325,      -4.321685911,      -3.635026016,        -10.454157
          0,           0,          15,      -4.567876573,      -4.238643982,       -4.32615555,      -3.641367307,      -10.42039231
          0,           0,          16,      -4.577462099,      -4.227561698,      -4.333547615,      -3.648935954,      -10.38771715
          0,           0,          17,      -4.591346606,      -4.217678729,      -4.342818724,      -3.660875355,      -10.35745454
          0,           0,          18,      -4.607129006,      -4.209488521,      -4.353512599,      -3.675384528,      -10.33073689
          0,           0,          19,      -4.619980365,      -4.203876196,      -4.367174781,      -3.687243342,      -10.30900603
          0,           0,          20,      -4.628118202,      -4.201780047,      -4.387165236,      -3.693634965,      -10.29339298
          0,           0,          21,       -4.63530149,      -4.203708955,      -4.416624475,      -3.697920728,      -10.28467627
          0,           0,          22,      -4.647206466,      -4.209325302,      -4.455575926,      -3.706490507,      -10.28375881
          0,           0,          23,      -4.666593175,      -4.217339831,      -4.497985051,      -3.723353463,      -10.29114775
          0,           0,          24,      -4.691506129,       -4.22592547,      -4.531519118,        -3.7476133,       -10.3085443
          0,           0,          25,      -4.716848785,      -4.233572263,      -4.546287515,      -3.774000923,      -10.33695921
          0,           0,          26,      -4.738282677,      -4.239714208,      -4.546665483,       -3.79603874,      -10.37657935
          0,           0,          27,       -4.75548106,      -4.244606381,      -4.546907732,       -3.81064478,      -10.42614751
          0,           0,          28,      -4.771785871,      -4.248794475,         -4.558414,      -3.820130613,      -10.48233326
          0,           0,          29,      -4.791167366,      -4.252764085,      -4.585113336,      -3.829562734,      -10.53966139
          0,           0,          30,      -4.815741171,      -4.256995125,      -4.624177708,      -3.843072741,      -10.58993839
          0,           0,          31,      -4.845229395,      -4.262224641,      -4.667281377,      -3.862427297,      -10.62486411
          0,           0,          32,      -4.877989456,      -4.269568292,      -4.704126315,      -3.887627167,      -10.64026472
          0,           0,          33,      -4.912806319,      -4.280299855,      -4.730299581,      -3.918067681,      -10.63562203
          0,           0,          34,      -4.949921132,      -4.295442499,      -4.751548804,      -3.953208263,      -10.61517708
          0,           0,          35,      -4.990380673,      -4.315468871,      -4.777871529,      -3.992516606,      -10.58515297
          0,           0,          36,      -5.034651433,      -4.340197202,       -4.81627284,      -4.035015667,       -10.5504541
          0,           0,          37,      -5.081730997,      -4.368836345,       -4.86834853,      -4.078986034,       -10.5139966
          0,           0,          38,        -5.1292633,      -4.400156696,      -4.930114557,      -4.122247028,      -10.47805882
          0,           0,          39,      -5.174803324,      -4.432787762,      -4.992496053,      -4.163144851,      -10.44325464
          0,           0,          40,      -5.217779352,      -4.465585646,      -5.045220843,      -4.201776028,      -10.40895369
          0,           0,          41,      -5.260359007,      -4.497885206,      -5.084980539,      -4.240191592,      -10.37473532
          0,           0,          42,      -5.305826654,      -4.529475424,      -5.118068543,      -4.280923293,      -10.34031922
          0,           0,          43,      -5.355890362,      -4.560366116,      -5.152801984,      -4.325002829,      -10.30570539
          0,           0,          44,      -5.409079514,       -4.59054078,      -5.192464037,      -4.370960881,      -10.27120658
          0,           0,          45,      -5.461000939,      -4.619846378,      -5.234282637,      -4.415323222,      -10.23735879
          0,           0,          46,      -5.506772674,      -4.648055117,      -5.272580284,      -4.454571954,      -10.20481585
          0,           0,          47,      -5.544835651,      -4.675017586,      -5.304185147,      -4.487680765,      -10.17413388
          0,           0,          48,      -5.578259178,      -4.700773175,      -5.331647418,      -4.516827981,      -10.14589506
          0,           0,          49,       -5.61161279,      -4.725551442,      -5.360569226,      -4.545328195,      -10.12048695
          0,           0,          50,      -5.647205569,      -4.749693713,      -5.394685103,      -4.575145687,      -10.09812109
          0,           0,          51,       -5.68387732,      -4.773560324,      -5.433296006,      -4.606058516,      -10.07873916
          0,           0,          52,      -5.718290252,      -4.797468952,      -5.471628254,      -4.636423293,      -10.06205367
          0,           0,          53,      -5.747678643,        -4.8216738,      -5.503933508,       -4.66467449,      -10.04759572
          0,           0,          54,      -5.772132548,      -4.846359858,      -5.528173057,       -4.69053971,      -10.03487593
          0,           0,          55,      -5.794233835,      -4.871633232,      -5.547691597,       -4.71504919,      -10.02352191
          0,           0,          56,       -5.81672581,      -4.897509268,      -5.567997059,      -4.739506992,      -10.01336883
          0,           0,          57,      -5.840850079,      -4.923915641,      -5.592881748,      -4.764569836,      -10.00425785
          0,           0,          58,       -5.86631958,      -4.950713871,       -5.62302505,      -4.790112704,      -9.995990888
          0,           0,          59,      -5.892180078,      -4.977734104,      -5.656463349,      -4.815670925,      -9.988422497
          0,           0,          60,      -5.917604606,      -5.004814109,      -5.689874353,       -4.84091703,       -9.98122977
          0,           0,          61,      -5.942140456,      -5.031835529,      -5.720177682,      -4.865814539,      -9.974365871
          0,           0,          62,      -5.965419959,      -5.058749979,      -5.745853629,      -4.890419136,      -9.967876859
          0,           0,          63,      -5.986847776,      -5.085588656,      -5.767192639,      -4.914606027,      -9.962052556
          0,           0,          64,      -6.005669149,      -5.112451329,      -5.785471063,      -4.937988151,      -9.956932561
          0,           0,          65,      -6.021452664,      -5.139478117,      -5.801987987,      -4.960113374,      -9.952624966
          0,           0,          66,      -6.034555419,         -5.166813,      -5.817675491,      -4.980780386,      -9.949492004
          0,           0,          67,      -6.046092421,      -5.194571248,      -5.833218656,      -5.000200084,      -9.947696572
          0,           0,          68,      -6.057436788,      -5.222817082,      -5.849304271,      -5.018888668,      -9.947186239
          0,           0,          69,      -6.069694409,      -5.251554277,      -5.866738288,      -5.037425429,      -9.947686272
          0,           0,          70,      -6.083417475,      -5.280726658,      -5.886328782,       -5.05624908,      -9.948865817
          0,           0,          71,      -6.098624159,      -5.310222534,      -5.908664409,      -5.075606372,      -9.950374684
          0,           0,          72,      -6.114990061,      -5.339876242,      -5.933775001,      -5.095625064,      -9.951900429
          0,           0,          73,      -6.132003566,      -5.369465248,      -5.960719212,      -5.116375679,      -9.953221162
          0,           0,          74,      -6.149031979,      -5.398706822,      -5.987175784,      -5.137854524,        -9.9542227
          0,           0,          75,      -6.165316922,      -5.427261014,      -6.009335301,      -5.159881275,      -9.954901405
          0,           0,          76,      -6.179947641,      -5.454749092,      -6.022765096,       -5.18194051,      -9.955372618
          0,           0,          77,       -6.19195165,      -5.480789837,      -6.024549206,      -5.203077067,      -9.955616854
          0,           0,          78,      -6.200512371,      -5.505050264,      -6.015273478,      -5.221942313,      -9.955790363
          0,           0,          79,      -6.205205257,      -5.527292609,      -5.998774329,      -5.237059478,      -9.956027919
          0,           0,          80,      -6.206156802,      -5.547398508,      -5.979841933,      -5.247307903,      -9.956477068
          0,           0,          81,      -6.204050932,      -5.565361519,       -5.96219408,      -5.252427691,      -9.957269345
          0,           0,          82,       -6.19996364,      -5.581255172,       -5.94780121,       -5.25321994,      -9.958518482
          0,           0,          83,      -6.195073872,      -5.595198243,      -5.937100966,      -5.251266859,      -9.960316874
          0,           0,          84,      -6.190356615,       -5.60733095,      -5.929471924,      -5.248345019,      -9.962735977
          0,           0,          85,      -6.186362823,       -5.61781085,      -5.923698304,      -5.245872655,      -9.965784163
          0,           0,          86,      -6.183148202,      -5.626818695,      -5.918389509,      -5.244607506,      -9.969436686
          0,           0,          87,      -6.180348118,      -5.634564916,      -5.912366362,      -5.244604941,      -9.973631645
          0,           0,          88,      -6.177376026,      -5.641289255,      -5.904964998,      -5.245369181,      -9.978424033
          0,           0,          89,      -6.173675948,      -5.647249686,       -5.89615843,      -5.246117842,      -9.983748511
          0,           0,          90,       -6.16894718,      -5.652702987,      -5.886446563,      -5.246097276,      -9.989406174
          0,           0,          91,      -6.163244821,      -5.657879198,      -5.876591998,      -5.244853256,      -9.994678266
          0,           0,          92,      -6.156943867,      -5.662956955,      -5.867341949,      -5.242377886,      -9.999791839
          0,           0,          93,      -6.150605577,      -5.668054153,      -5.859245255,      -5.239084738,      -10.00511388
          0,           0,          94,      -6.144801901,      -5.673223409,       -5.85258559,       -5.23563242,      -10.00880636
          0,           0,          95,      -6.139976899,      -5.678462206,      -5.847402278,      -5.232702462,      -10.01305936
          0,           0,          96,      -6.136370398,      -5.683728767,      -5.843554258,      -5.230817655,       -10.0157662
          0,           0,          97,      -6.134004724,      -5.688966045,      -5.840799509,      -5.230245293,      -10.02004349
          0,           0,          98,      -6.132719041,      -5.694118822,      -5.838867832,      -5.230984592,      -10.02374343
          0,           0,          99,      -6.132238049,      -5.699148351,       -5.83751745,      -5.232816667,       -10.0270868
          0,           0,         100,      -6.132252202,      -5.704039655,      -5.836571089,       -5.23539035,      -10.02943116
          0,           0,         101,      -6.132491512,      -5.708802475,       -5.83592971,       -5.23831996,      -10.03221178
          0,           0,         102,      -6.132776462,      -5.713466943,      -5.835568093,      -5.241273635,      -10.03490509
          0,           0,         103,      -6.133037276,      -5.718076793,      -5.835517657,      -5.244033584,       -10.0373761
          0,           0,         104,       -6.13330391,       -5.72268162,         -5.835843,      -5.246521334,        -10.041148
          0,           0,         105,       -6.13367651,      -5.727328945,      -5.836619808,      -5.248787088,      -10.04397998
          0,           0,         106,      -6.134287835,      -5.732057663,       -5.83791681,      -5.250972659,      -10.04625729
          0,           0,         107,      -6.135272427,      -5.736894355,      -5.839782607,       -5.25326599,      -10.04765002
          0,           0,         108,      -6.136742804,      -5.741849944,      -5.842237999,      -5.255857093,      -10.05024585
          0,           0,         109,      -6.138776557,      -5.746918613,      -5.845272659,      -5.258904839,      -10.05273233
          0,           0,         110,      -6.141412739,      -5.752079787,      -5.848845665,      -5.262517446,      -10.05561337
          0,           0,         111,      -6.144652337,      -5.757301268,      -5.852890834,      -5.266744389,      -10.05821197
          0,           0,         112,      -6.148462617,      -5.762544213,      -5.857326043,       -5.27157733,      -10.06239381
          0,           0,         113,       -6.15278337,      -5.767770104,      -5.862065455,      -5.276957436,      -10.06598008
          0,           0,         114,      -6.157534521,      -5.772945648,      -5.867032309,      -5.282787538,       -10.0692653
          0,           0,         115,      -6.162626232,      -5.778048157,      -5.872169864,      -5.288947437,       -10.0719978
          0,           0,         116,      -6.167968601,       -5.78306584,      -5.877447653,      -5.295310383,      -10.07521854
          0,           0,         117,      -6.173480896,      -5.787997666,      -5.882861828,      -5.301759382,       -10.0789876
          0,           0,         118,      -6.179100078,      -5.792850703,      -5.888429845,      -5.308201856,      -10.08277573
          0,           0,         119,      -6.184784221,      -5.797634567,      -5.894181144,      -5.314578139,      -10.08779882
          0,           0,         120,      -6.190512675,      -5.802360674,      -5.900145951,      -5.320864113,       -10.0929989
          0,           0,         121,      -6.196279394,      -5.807034629,      -5.906345312,       -5.32706436,      -10.09787641
          0,           0,         122,      -6.202087158,      -5.811656235,      -5.912783695,       -5.33320309,      -10.10192755
          0,           0,         123,      -6.207940399,       -5.81622117,      -5.919446243,      -5.339311975,      -10.10566115
          0,           0,         124,      -6.213839387,      -5.820719747,      -5.926299528,      -5.345418849,      -10.11072333
          0,           0,         125,      -6.219779654,      -5.825139857,      -5.933296304,      -5.351541859,      -10.11590512
          0,           0,         126,      -6.225753744,      -5.829471167,      -5.940383133,      -5.357687754,      -10.12133753
          0,           0,         127,      -6.231756177,      -5.833706633,      -5.947508462,       -5.36385569,      -10.12694207
          0,           0,         128,      -6.237789531,      -5.837844632,      -5.954630194,      -5.370043787,      -10.13268373
          0,           0,         129,      -6.243868295,       -5.84188957,      -5.961721621,      -5.376255473,      -10.13868069
          0,           0,         130,      -6.250019574,      -5.845849719,      -5.968774366,      -5.382503865,      -10.14427046
          0,           0,         131,      -6.256280664,      -5.849738585,      -5.975797902,      -5.388813255,      -10.15013213
          0,           0,         132,      -6.262694596,      -5.853572302,      -5.982816143,      -5.395217968,      -10.15615801
          0,           0,         133,      -6.269303777,      -5.857368714,      -5.989862281,      -5.401758017,      -10.16231921
          0,           0,         134,      -6.276143671,      -5.861145475,      -5.996972802,      -5.408473373,      -10.16858304
          0,           0,         135,      -6.283237311,      -5.864919449,      -6.004181537,      -5.415397412,      -10.17493066
          0,           0,         136,      -6.290592556,      -5.868706289,      -6.011514857,      -5.422551903,      -10.18136514
          0,           0,         137,      -6.298199992,      -5.872519712,      -6.018989442,       -5.42994218,      -10.18786843
          0,           0,         138,      -6.306034666,       -5.87637188,       -6.02661106,      -5.437555931,      -10.19444495
          0,           0,         139,      -6.314058951,      -5.880273881,      -6.034375565,      -5.445363778,      -10.20111793
          0,           0,         140,      -6.322226427,      -5.884236188,      -6.042271343,       -5.45332183,      -10.20791101
          0,           0,         141,      -6.330486193,      -5.888268869,      -6.050282472,      -5.461375852,      -10.21483013
          0,           0,         142,      -6.338787699,      -5.892381596,      -6.058391813,       -5.46946713,      -10.22186723
          0,           0,         143,      -6.347085167,      -5.896583471,       -6.06658323,       -5.47753895,      -10.22901409
          0,           0,         144,      -6.355341767,      -5.900883587,      -6.074843023,      -5.485543242,      -10.23629077
          0,           0,         145,      -6.363532258,      -5.905291473,      -6.083160309,      -5.493445628,      -10.24367121
          0,           0,         146,        -6.3716437,      -5.909814763,      -6.091524784,      -5.501228264,      -10.25111999
          0,           0,         147,      -6.379674818,      -5.914459374,      -6.099926654,      -5.508890077,      -10.25863633
          0,           0,         148,      -6.387633731,      -5.919230816,       -6.10835463,      -5.516444355,      -10.26581016
          0,           0,         149,      -6.395535168,      -5.924133364,      -6.116794961,      -5.523914981,      -10.27448336
          0,           0,         150,      -6.403396879,      -5.929169474,       -6.12523122,       -5.53133104,      -10.28209033
          0,           0,         151,      -6.411236506,      -5.934341578,      -6.133645541,       -5.53872187,      -10.28951116
          0,           0,         152,      -6.419069535,      -5.939650286,      -6.142019994,      -5.546113013,      -10.29689398
          0,           0,         153,      -6.426907908,      -5.945094947,       -6.15033888,      -5.553523655,      -10.30428416
          0,           0,         154,      -6.434760319,      -5.950673954,      -6.158590941,      -5.560966384,      -10.31086957
          0,           0,         155,      -6.442633148,      -5.956384527,      -6.166771059,      -5.568448136,       -10.3180433
          0,           0,         156,      -6.450531546,       -5.96222361,      -6.174881377,      -5.575972009,      -10.32568238
          0,           0,         157,      -6.458460534,      -5.968186608,      -6.182930878,       -5.58353927,      -10.33334676
          0,           0,         158,      -6.466425595,      -5.974267984,       -6.19093432,      -5.591151226,      -10.34111336
          0,           0,         159,      -6.474432935,      -5.980461272,      -6.198910383,      -5.598810602,      -10.34890161
          0,           0,         160,      -6.482488933,      -5.986759048,      -6.206879172,      -5.606521715,      -10.35665846
          0,           0,         161,      -6.490599293,      -5.993153585,      -6.214859735,      -5.614289899,      -10.36437731
          0,           0,         162,         -6.498768,      -5.999636914,      -6.222867882,      -5.622120334,      -10.37206642
          0,           0,         163,      -6.506996609,      -6.006201352,      -6.230914714,      -5.630016883,      -10.37971608
          0,           0,         164,      -6.515283488,      -6.012839899,      -6.239005742,      -5.637980703,      -10.38678693
          0,           0,         165,      -6.523623494,      -6.019546272,      -6.247141055,      -5.646009102,      -10.39588288
          0,           0,         166,      -6.532008167,      -6.026316654,       -6.25531628,       -5.65409511,      -10.40335453
          0,           0,         167,      -6.540426511,      -6.033147752,      -6.263523952,      -5.662228053,      -10.41063066
          0,           0,         168,      -6.548865995,      -6.040038235,      -6.271754898,      -5.670394236,      -10.41785945
          0,           0,         169,      -6.557313273,      -6.046988368,      -6.279999856,      -5.678578071,      -10.42507437
          0,           0,         170,      -6.565755243,      -6.053999685,      -6.288250592,       -5.68676363,        -10.430412
          0,           0,         171,       -6.57418006,      -6.061075146,      -6.296500488,      -5.694936235,      -10.43835348
          0,           0,         172,      -6.582577752,      -6.068216727,      -6.304744692,      -5.703083737,      -10.44588355
          0,           0,         173,      -6.590940745,      -6.075427344,      -6.312979828,       -5.71119734,      -10.45352638
          0,           0,         174,      -6.599263769,       -6.08270961,      -6.321203668,      -5.719271994,      -10.46122966
          0,           0,         175,      -6.607543814,      -6.090064856,      -6.329414137,      -5.727306191,      -10.46889529
          0,           0,         176,      -6.615780115,      -6.097493352,      -6.337608909,      -5.735301604,      -10.47653716
          0,           0,         177,      -6.623973637,      -6.104994075,      -6.345785204,      -5.743262083,       -10.4841445
          0,           0,         178,      -6.632126664,      -6.112564662,      -6.353939817,      -5.751192682,       -10.4917234
          0,           0,         179,      -6.640242469,      -6.120201438,      -6.362069434,      -5.759098801,       -10.4992828
          0,           0,         180,       -6.64832525,       -6.12789967,      -6.370171143,      -5.766985752,       -10.5068306
          0,           0,         181,      -6.656380227,      -6.135653809,      -6.378243031,      -5.774858676,      -10.51437188
          0,           0,         182,      -6.664413646,      -6.143457786,      -6.386284692,      -5.782722609,      -10.52190756
          0,           0,         183,      -6.672432947,      -6.151305326,      -6.394297519,      -5.790582917,      -10.52943917
          0,           0,         184,      -6.680446438,      -6.159190174,      -6.402284722,      -5.798445383,       -10.5369678
          0,           0,         185,      -6.688463053,      -6.167106332,      -6.410250986,      -5.806316407,      -10.54449928
          0,           0,         186,      -6.696491892,      -6.175048219,      -6.418201914,      -5.814202957,      -10.55203933
          0,           0,         187,      -6.704541481,      -6.183010827,      -6.426143367,      -5.822112108,      -10.55959831
          0,           0,         188,       -6.71261909,      -6.190989806,      -6.434080795,      -5.830050466,      -10.56718506
          0,           0,         189,      -6.720729929,      -6.198981535,      -6.442018674,      -5.838023311,      -10.57480545
          0,           0,         190,      -6.728876665,      -6.206983209,      -6.449960171,      -5.846033901,      -10.58247001
          0,           0,         191,      -6.737059054,      -6.214992808,      -6.457907035,      -5.854082826,        -10.590179
          0,           0,         192,       -6.74527387,      -6.223009107,      -6.465859752,      -5.862167643,      -10.59792684
          0,           0,         193,      -6.753515286,      -6.231031914,      -6.473817779,       -5.87028299,      -10.60571784
          0,           0,         194,      -6.761775241,      -6.239061186,      -6.481780073,      -5.878420902,       -10.6135489
          0,           0,         195,      -6.770044165,      -6.247097605,      -6.489745313,      -5.886571406,      -10.62136572
          0,           0,         196,       -6.77831198,      -6.255142234,      -6.497712195,      -5.894723641,      -10.62917304
          0,           0,         197,      -6.786568847,      -6.263196366,      -6.505679614,       -5.90286679,      -10.63698384
          0,           0,         198,       -6.79480595,      -6.271261346,      -6.513646657,      -5.910991043,      -10.64476878
          0,           0,         199,      -6.803016115,      -6.279338592,      -6.521612207,      -5.919088373,      -10.65255854
          0,           0,         200,      -6.811194359,      -6.287429347,      -6.529575074,      -5.927153276,      -10.66037334
          0,           0,         201,      -6.819337623,      -6.295534177,      -6.537534773,      -5.935182658,      -10.66821384
          0,           0,         202,      -6.827444337,      -6.303652531,      -6.545489564,      -5.943175111,      -10.67616486
          0,           0,         203,      -6.835515111,      -6.311783527,      -6.553437152,      -5.951131703,      -10.68374771
          0,           0,         204,      -6.843552306,      -6.319925941,      -6.561374807,      -5.959055398,      -10.69156258
          0,           0,         205,      -6.851559572,      -6.328078172,      -6.569299617,      -5.966950422,      -10.69936812
          0,           0,         206,      -6.859541444,        -6.3362383,      -6.577208772,      -5.974821732,      -10.70716734
          0,           0,         207,      -6.867502982,      -6.344404178,      -6.585099854,      -5.982674578,      -10.71495898
          0,           0,         208,      -6.875449485,      -6.352573548,      -6.592971121,      -5.990514184,       -10.7227468
          0,           0,         209,      -6.883386232,      -6.360744148,      -6.600821721,      -5.998345522,       -10.7305307
          0,           0,         210,       -6.89131827,       -6.36891381,      -6.608651795,      -6.006173178,      -10.73831038
          0,           0,         211,      -6.899250237,      -6.377080533,      -6.616462482,      -6.014001266,      -10.74608302
          0,           0,         212,      -6.907186429,      -6.385244821,      -6.624255992,      -6.021833599,      -10.75384518
          0,           0,         213,      -6.915130172,      -6.393404501,      -6.632034991,      -6.029673077,      -10.76160596
          0,           0,         214,      -6.923083634,      -6.401556406,      -6.639802826,      -6.037521628,      -10.76936698
          0,           0,         215,      -6.931048288,       -6.40969838,      -6.647562275,      -6.045380866,      -10.77712479
          0,           0,         216,      -6.939025011,      -6.417830987,      -6.655316265,      -6.053251967,       -10.7848845
          0,           0,         217,       -6.94701316,      -6.425953601,      -6.663067603,       -6.06113458,      -10.79267455
          0,           0,         218,      -6.955011362,      -6.434065823,      -6.670818497,      -6.069027634,      -10.80034087
          0,           0,         219,      -6.963017619,      -6.442167585,      -6.678570571,      -6.076929397,      -10.80811495
          0,           0,         220,      -6.971029377,      -6.450259135,      -6.686324967,      -6.084837477,      -10.81595181
          0,           0,         221,       -6.97904367,      -6.458340953,      -6.694082439,      -6.092748909,      -10.82410868
          0,           0,         222,      -6.987057323,      -6.466413601,      -6.701843401,      -6.100660367,      -10.83194013
          0,           0,         223,       -6.99506712,      -6.474477995,      -6.709608065,      -6.108568347,      -10.83930492
          0,           0,         224,      -7.003070055,       -6.48253487,      -6.717376361,      -6.116469492,      -10.84529174
          0,           0,         225,      -7.011063693,      -6.490585181,      -6.725148065,      -6.124361001,      -10.85369746
          0,           0,         226,      -7.019045896,      -6.498629538,      -6.732922757,      -6.132240439,      -10.86159737
          0,           0,         227,      -7.027015249,      -6.506668762,      -6.740699925,      -6.140106178,      -10.86942917
          0,           0,         228,      -7.034970916,       -6.51470349,      -6.748478832,      -6.147957287,      -10.87722939
          0,           0,         229,      -7.042912622,      -6.522734179,      -6.756258567,      -6.155793506,      -10.88500533
          0,           0,         230,      -7.050840573,      -6.530761088,      -6.764038071,      -6.163615153,      -10.89275824
          0,           0,         231,      -7.058755749,      -6.538785808,       -6.77181669,      -6.171423377,      -10.90049221
          0,           0,         232,      -7.066659112,      -6.546807408,      -6.779592863,      -6.179219264,      -10.90821218
          0,           0,         233,      -7.074552258,      -6.554824199,      -6.787364846,      -6.187004538,      -10.91592768
          0,           0,         234,       -7.08243732,      -6.562836049,      -6.795131904,      -6.194781439,      -10.92364731
          0,           0,         235,      -7.090316417,      -6.570842439,      -6.802893664,      -6.202552074,      -10.93137373
          0,           0,         236,      -7.098191744,      -6.578842661,      -6.810650012,      -6.210318569,      -10.93911234
          0,           0,         237,      -7.106065642,      -6.586835986,      -6.818401129,      -6.218083171,      -10.94687247
          0,           0,         238,      -7.113940481,      -6.594821711,      -6.826147509,      -6.225848157,      -10.95468987
          0,           0,         239,      -7.121818537,      -6.602799147,      -6.833889886,      -6.233615739,      -10.96280006
          0,           0,         240,      -7.129701801,      -6.610767729,      -6.841629307,      -6.241387891,      -10.97063205
          0,           0,         241,      -7.137591907,      -6.618727131,         -6.849367,      -6.249166284,      -10.97812274
          0,           0,         242,      -7.145490066,        -6.6266771,       -6.85710418,      -6.256952249,      -10.98471682
          0,           0,         243,      -7.153396739,      -6.634617295,      -6.864841903,      -6.264746366,      -10.99267015
          0,           0,         244,       -7.16131196,      -6.642547741,      -6.872581107,      -6.272548889,      -11.00066814
          0,           0,         245,      -7.169235082,      -6.650468695,      -6.880322573,       -6.28035938,      -11.00860635
          0,           0,         246,      -7.177164811,      -6.658380531,      -6.888066851,      -6.288176712,      -11.01652978
          0,           0,         247,      -7.185099341,      -6.666283742,      -6.895814241,      -6.295999187,      -11.02444359
          0,           0,         248,      -7.193036513,       -6.67417897,      -6.903564821,      -6.303824702,      -11.03234695
          0,           0,         249,      -7.200973977,      -6.682066959,       -6.91131847,      -6.311650904,        -11.040239
          0,           0,         250,      -7.208909332,      -6.689948449,      -6.919074898,      -6.319475347,      -11.04812345
          0,           0,         251,      -7.216840282,      -6.697824235,      -6.926833673,      -6.327295667,      -11.05601082
          0,           0,         252,      -7.224764777,      -6.705695078,      -6.934594237,      -6.335109742,       -11.0639166
          0,           0,         253,      -7.232681119,       -6.71356166,      -6.942355923,      -6.342915814,      -11.07184147
          0,           0,         254,      -7.240588023,      -6.721424716,      -6.950117984,       -6.35071257,      -11.07971783
          0,           0,         255,      -7.248484674,       -6.72928485,      -6.957879596,      -6.358499202,      -11.08755495
          0,           0,         256,      -7.256370711,      -6.737142564,      -6.965639874,      -6.366275398,      -11.09539254
          0,           0,         257,      -7.264246181,      -6.744998025,      -6.973397907,      -6.374041282,       -11.1032528
          0,           0,         258,      -7.272111541,      -6.752851329,      -6.981152815,      -6.381797407,      -11.11119007
          0,           0,         259,       -7.27996758,      -6.760702508,      -6.988903788,      -6.389544669,      -11.11947282
          0,           0,         260,      -7.287815356,      -6.768551431,      -6.996650123,      -6.397284229,      -11.12733262
          0,           0,         261,      -7.295656138,      -6.776398001,      -7.004391306,       -6.40501745,      -11.13490551
          0,           0,         262,      -7.303491311,      -6.784241944,      -7.012126997,      -6.412745801,      -11.14244486
          0,           0,         263,       -7.31132234,      -6.792083078,      -7.019857096,      -6.420470827,      -11.14845164
          0,           0,         264,      -7.319150689,      -6.799921046,      -7.027581721,      -6.428194083,      -11.15707594
          0,           0,         265,      -7.326977722,      -6.807755364,       -7.03530119,      -6.435917019,      -11.16517673
          0,           0,         266,      -7.334804668,      -6.815585771,      -7.043016053,      -6.443640964,      -11.17318247
          0,           0,         267,      -7.342632532,      -6.823412041,      -7.050727007,      -6.451367032,      -11.18113493
          0,           0,         268,      -7.350462064,      -6.831233994,      -7.058434845,      -6.459096091,      -11.18903978
          0,           0,         269,      -7.358293705,      -6.839051507,      -7.066140402,      -6.466828713,      -11.19690146
          0,           0,         270,      -7.366127605,      -6.846864535,      -7.073844505,      -6.474565172,      -11.20472761
          0,           0,         271,      -7.373963588,      -6.854673103,      -7.081547941,      -6.482305403,      -11.21252695
          0,           0,         272,      -7.381801192,      -6.862477311,      -7.089251414,      -6.490049029,      -11.22030861
          0,           0,         273,      -7.389639726,      -6.870277547,      -7.096955527,      -6.497795416,      -11.22807866
          0,           0,         274,      -7.397478361,      -6.878074015,      -7.104660742,      -6.505543765,      -11.23584005
          0,           0,         275,      -7.405316075,       -6.88586689,      -7.112367396,       -6.51329302,      -11.24359417
          0,           0,         276,      -7.413151801,      -6.893656418,      -7.120075681,      -6.521042042,      -11.25134354
          0,           0,         277,      -7.420984547,      -6.901442894,      -7.127785653,      -6.528789755,      -11.25909201
          0,           0,         278,      -7.428813467,      -6.909226656,      -7.135497253,      -6.536535224,      -11.26684459
          0,           0,         279,      -7.436637825,      -6.917008038,      -7.143210339,      -6.544277618,      -11.27460792
          0,           0,         280,      -7.444457088,      -6.924787345,      -7.150924697,      -6.552016314,      -11.28238883
          0,           0,         281,      -7.452270907,      -6.932564841,      -7.158640062,      -6.559750878,       -11.2901926
          0,           0,         282,      -7.460079079,      -6.940340732,      -7.166356125,      -6.567481045,      -11.29802205
          0,           0,         283,      -7.467881769,      -6.948115176,      -7.174072557,      -6.575206923,      -11.30587688
          0,           0,         284,      -7.475679202,      -6.955888263,      -7.181789026,      -6.582928704,      -11.31375161
          0,           0,         285,       -7.48347176,       -6.96366002,      -7.189505211,      -6.590646757,      -11.32164368
          0,           0,         286,      -7.491259951,      -6.971430406,       -7.19722083,      -6.598361588,      -11.32955032
          0,           0,         287,      -7.499044387,      -6.979199324,      -7.204935654,      -6.606073816,       -11.3374679
          0,           0,         288,      -7.506825749,      -6.986966638,      -7.212649517,      -6.613784136,      -11.34539172
          0,           0,         289,      -7.514604756,      -6.994732174,      -7.220362336,      -6.621493285,      -11.35331733
          0,           0,         290,      -7.522382129,       -7.00249574,      -7.228074105,      -6.629202007,      -11.36124123
          0,           0,         291,      -7.530158557,      -7.010257134,      -7.235784893,      -6.636911022,      -11.36915914
          0,           0,         292,       -7.53793467,      -7.018016153,      -7.243494835,      -6.644620989,      -11.37707102
          0,           0,         293,         -7.545711,      -7.025772609,      -7.251204113,      -6.652332482,      -11.38497654
          0,           0,         294,       -7.55348796,      -7.033526329,      -7.258912946,      -6.660045957,      -11.39287554
          0,           0,         295,      -7.561265818,      -7.041277185,      -7.266621567,      -6.667761726,      -11.40076932
          0,           0,         296,      -7.569044673,      -7.049025089,      -7.274330206,      -6.675479937,       -11.4086588
          0,           0,         297,      -7.576824456,      -7.056769999,      -7.282039072,      -6.683200562,       -11.4165449
          0,           0,         298,      -7.584604935,      -7.064511925,       -7.28974834,      -6.690923404,      -11.42442835
          0,           0,         299,      -7.592385743,      -7.072250931,      -7.297458144,      -6.698648117,      -11.43230961
          0,           0,         300,      -7.600166397,       -7.07998713,       -7.30516857,      -6.706374229,      -11.44018884
          0,           0,         301,      -7.607946339,      -7.087720679,      -7.312879656,      -6.714101176,      -11.44806623
          0,           0,         302,      -7.615724977,      -7.095451769,      -7.320591392,      -6.721828345,      -11.45594204
          0,           0,         303,      -7.623501719,      -7.103180618,      -7.328303728,      -6.729555113,      -11.46381629
          0,           0,         304,      -7.631276014,      -7.110907456,      -7.336016579,      -6.737280889,      -11.47168946
          0,           0,         305,      -7.639047384,      -7.118632517,      -7.343729843,      -6.745005149,      -11.47956205
          0,           0,         306,      -7.646815444,       -7.12635603,      -7.351443407,      -6.752727459,      -11.48743409
          0,           0,         307,      -7.654579917,      -7.134078205,      -7.359157147,      -6.760447502,      -11.49530556
          0,           0,         308,      -7.662340663,      -7.141799225,      -7.366870943,      -6.768165093,      -11.50317505
          0,           0,         309,      -7.670097669,      -7.149519242,      -7.374584685,      -6.775880185,      -11.51104255
          0,           0,         310,      -7.677851048,      -7.157238368,      -7.382298279,      -6.783592864,      -11.51890882
          0,           0,         311,      -7.685601026,      -7.164956677,      -7.390011659,      -6.791303338,       -11.5267741
          0,           0,         312,      -7.693347926,      -7.172674204,      -7.397724778,      -6.799011912,       -11.5346382
          0,           0,         313,      -7.701092143,      -7.180390945,      -7.405437629,      -6.806718978,      -11.54250106
          0,           0,         314,      -7.708834129,      -7.188106882,      -7.413150235,      -6.814424986,      -11.55036332
          0,           0,         315,      -7.716574368,       -7.19582193,      -7.420862649,      -6.822130421,      -11.55822528
          0,           0,         316,      -7.724313354,         -7.203536,      -7.428574962,      -6.829835785,      -11.56608708
          0,           0,         317,      -7.732051562,      -7.211248988,       -7.43628729,      -6.837541561,      -11.57394881
          0,           0,         318,      -7.739789426,      -7.218960786,      -7.443999771,      -6.845248195,       -11.5818105
          0,           0,         319,      -7.747527322,      -7.226671289,      -7.451712558,      -6.852956076,      -11.58967224
          0,           0,         320,      -7.755265548,      -7.234380396,      -7.459425806,      -6.860665516,      -11.59753425
          0,           0,         321,      -7.763004317,      -7.242088026,      -7.467139668,      -6.868376742,      -11.60539616
          0,           0,         322,      -7.770743746,      -7.249794117,      -7.474854285,      -6.876089882,      -11.61325817
          0,           0,         323,      -7.778483843,      -7.257498629,      -7.482569776,      -6.883804956,      -11.62112068
          0,           0,         324,      -7.786224548,      -7.265201556,      -7.490286235,      -6.891521906,      -11.62898353
          0,           0,         325,      -7.793965708,       -7.27290292,      -7.498003724,      -6.899240577,      -11.63684662
          0,           0,         326,      -7.801707093,      -7.280602772,       -7.50572227,      -6.906960731,      -11.64470976
          0,           0,         327,      -7.809448427,      -7.288301186,      -7.513441871,      -6.914682073,       -11.6525722
          0,           0,         328,      -7.817189399,      -7.295998262,      -7.521162492,       -6.92240427,      -11.66043301
          0,           0,         329,      -7.824929684,      -7.303694119,      -7.528884068,      -6.930126968,      -11.66829145
          0,           0,         330,      -7.832668957,      -7.311388886,      -7.536606515,      -6.937849804,      -11.67614709
          0,           0,         331,      -7.840406916,        -7.3190827,       -7.54432973,      -6.945572442,      -11.68400064
          0,           0,         332,      -7.848143308,      -7.326775699,      -7.552053598,      -6.953294586,      -11.69185222
          0,           0,         333,      -7.855877931,      -7.334468018,      -7.559778004,      -6.961015995,      -11.69970502
          0,           0,         334,       -7.86361064,       -7.34215978,      -7.567502832,      -6.968736487,      -11.70755771
          0,           0,         335,      -7.871341361,      -7.349851099,      -7.575227979,      -6.976455952,      -11.71540951
          0,           0,         336,      -7.879070087,       -7.35754207,      -7.582953351,      -6.984174355,      -11.72326069
          0,           0,         337,      -7.886796882,      -7.365232765,      -7.590678876,      -6.991891735,      -11.73110905
          0,           0,         338,      -7.894521874,      -7.372923236,      -7.598404502,      -6.999608202,      -11.73895789
          0,           0,         339,      -7.902245243,      -7.380613511,      -7.606130199,      -7.007323924,      -11.74680646
          0,           0,         340,      -7.909967215,      -7.388303597,      -7.613855962,      -7.015039121,      -11.75465455
          0,           0,         341,      -7.917688048,       -7.39599348,      -7.621581813,      -7.022754048,      -11.76250223
          0,           0,         342,      -7.925408019,      -7.403683132,      -7.629307796,      -7.030468984,      -11.77034948
          0,           0,         343,       -7.93312741,       -7.41137251,      -7.637033975,      -7.038184215,      -11.77819691
          0,           0,         344,      -7.940846494,      -7.419061565,      -7.644760435,      -7.045900022,      -11.78604492
          0,           0,         345,      -7.948565528,       -7.42675024,      -7.652487272,       -7.05361667,      -11.79389445
          0,           0,         346,      -7.956284732,      -7.434438486,      -7.660214593,      -7.061334387,      -11.80174295
          0,           0,         347,      -7.964004289,      -7.442126252,      -7.667942505,      -7.069053361,      -11.80959366
          0,           0,         348,      -7.971724335,      -7.449813498,      -7.675671113,      -7.076773733,      -11.81744741
          0,           0,         349,      -7.979444958,      -7.457500193,      -7.683400515,      -7.084495592,      -11.82530564
          0,           0,         350,      -7.987166195,      -7.465186323,      -7.691130802,      -7.092218975,      -11.83317154
          0,           0,         351,      -7.994888028,      -7.472871885,      -7.698862047,      -7.099943855,       -11.8410501
          0,           0,         352,      -8.002610383,      -7.480556889,      -7.706594307,      -7.107670149,      -11.84894532
          0,           0,         353,      -8.010333164,       -7.48824137,       -7.71432762,      -7.115397741,      -11.85682789
          0,           0,         354,      -8.018056239,      -7.495925388,      -7.722062009,      -7.123126478,      -11.86467003
          0,           0,         355,      -8.025779457,      -7.503608995,      -7.729797471,      -7.130856179,      -11.87250812
          0,           0,         356,      -8.033502657,      -7.511292252,      -7.737533986,      -7.138586657,      -11.88035521
          0,           0,         357,      -8.041225679,      -7.518975227,      -7.745271524,      -7.146317715,      -11.88821042
          0,           0,         358,      -8.048948375,      -7.526657992,      -7.753010044,      -7.154049171,      -11.89607159
          0,           0,         359,      -8.056670618,      -7.534340622,      -7.760749494,      -7.161780859,      -11.90393615
          0,           0,         360,      -8.064392309,      -7.542023188,      -7.768489818,      -7.169512645,      -11.91180059
          0,           0,         361,      -8.072113385,      -7.549705757,      -7.776230959,      -7.177244433,      -11.91966119
          0,           0,         362,       -8.07983382,      -7.557388386,       -7.78397286,      -7.184976167,      -11.92751974
          0,           0,         363,       -8.08755363,      -7.565071125,       -7.79171547,      -7.192707835,      -11.93537847
          0,           0,         364,      -8.095272868,       -7.57275401,      -7.799458747,      -7.200439466,      -11.94323566
          0,           0,         365,      -8.102991618,      -7.580437069,      -7.807202658,       -7.20817113,      -11.95109087
          0,           0,         366,      -8.110709998,      -7.588120318,      -7.814947183,      -7.215902926,      -11.95894464
          0,           0,         367,      -8.118428143,       -7.59580376,      -7.822692315,      -7.223634985,      -11.96679523
          0,           0,         368,      -8.126146205,      -7.603487393,       -7.83043806,      -7.231367451,       -11.9746383
          0,           0,         369,      -8.133864345,      -7.611171206,      -7.838184435,      -7.239100481,      -11.98244578
          0,           0,         370,       -8.14158272,      -7.618855189,      -7.845931472,      -7.246834234,       -11.9902296
          0,           0,         371,      -8.149301479,      -7.626539317,      -7.853679205,      -7.254568861,      -11.99803596
          0,           0,         372,      -8.157020755,      -7.634223556,      -7.861427678,      -7.262304499,       -12.0058678
          0,           0,         373,      -8.164740662,      -7.641907884,      -7.869176943,      -7.270041263,      -12.01371238
          0,           0,         374,      -8.172461289,      -7.649592283,      -7.876927053,      -7.277779247,       -12.0215605
          0,           0,         375,      -8.180182702,      -7.657276743,      -7.884678062,      -7.285518513,      -12.02940793
          0,           0,         376,      -8.187904938,      -7.664961257,      -7.892430021,        -7.2932591,      -12.03725358
          0,           0,         377,      -8.195628011,      -7.672645829,      -7.900182975,      -7.301001015,      -12.04509829
          0,           0,         378,       -8.20335191,      -7.680330465,      -7.907936964,      -7.308744243,      -12.05294253
          0,           0,         379,      -8.211076605,      -7.688015185,      -7.915692021,      -7.316488741,      -12.06078835
          0,           0,         380,      -8.218802046,       -7.69570001,      -7.923448169,      -7.324234446,      -12.06863701
          0,           0,         381,      -8.226528169,      -7.703384974,      -7.931205418,       -7.33198128,      -12.07648895
          0,           0,         382,      -8.234254899,      -7.711070111,      -7.938963773,      -7.339729148,      -12.08434444
          0,           0,         383,      -8.241982157,      -7.718755462,      -7.946723226,      -7.347477948,      -12.09220069
          0,           0,         384,       -8.24970986,      -7.726441078,      -7.954483764,      -7.355227578,      -12.10006015
          0,           0,         385,      -8.257437934,         -7.734127,      -7.962245363,      -7.362977937,      -12.10792452
          0,           0,         386,      -8.265166313,      -7.741813266,      -7.970007992,      -7.370728938,      -12.11579342
          0,           0,         387,      -8.272894944,      -7.749499922,      -7.977771618,      -7.378480506,      -12.12366605
          0,           0,         388,      -8.280623792,      -7.757187006,       -7.98553621,      -7.386232586,      -12.13154405
          0,           0,         389,      -8.288352845,      -7.764874548,      -7.993301735,      -7.393985143,       -12.1394269
          0,           0,         390,      -8.296082117,      -7.772562576,      -8.001068165,      -7.401738174,      -12.14731402
          0,           0,         391,       -8.30381165,       -7.78025111,       -8.00883548,      -7.409491703,      -12.15520462
          0,           0,         392,      -8.311541509,      -7.787940166,      -8.016603667,      -7.417245783,      -12.16309786
          0,           0,         393,       -8.31927178,      -7.795629755,      -8.024372725,      -7.425000491,      -12.17099289
          0,           0,         394,      -8.327002567,      -7.803319885,      -8.032142665,      -7.432755925,       -12.1788889
          0,           0,         395,      -8.334733985,      -7.811010556,       -8.03991351,      -7.440512196,      -12.18678528
          0,           0,         396,      -8.342466154,       -7.81870177,      -8.047685298,      -7.448269425,      -12.19468154
          0,           0,         397,      -8.350199195,      -7.826393523,      -8.055458075,      -7.456027731,      -12.20257734
          0,           0,         398,      -8.357933221,      -7.834085812,      -8.063231898,       -7.46378723,      -12.21047249
          0,           0,         399,      -8.365668336,      -7.841778632,      -8.071006832,      -7.471548029,      -12.21836694
          0,           0,         400,      -8.373404633,      -7.849471982,      -8.078782946,      -7.479310218,      -12.22626072
          0,           0,         401,      -8.381142183,      -7.857165857,      -8.086560309,      -7.487073871,      -12.23415394
          0,           0,         402,      -8.388881044,      -7.864860258,      -8.094338989,      -7.494839043,      -12.24204677
          0,           0,         403,      -8.396621254,      -7.872555187,      -8.102119053,       -7.50260577,      -12.24993941
          0,           0,         404,      -8.404362834,      -7.880250647,      -8.109900557,      -7.510374065,      -12.25783206
          0,           0,         405,      -8.412105789,      -7.887946645,      -8.117683552,      -7.518143924,      -12.26572493
          0,           0,         406,      -8.419850107,       -7.89564319,      -8.125468075,      -7.525915328,      -12.27361818
          0,           0,         407,      -8.427595766,      -7.903340294,      -8.133254154,      -7.533688239,      -12.28151198
          0,           0,         408,       -8.43534273,      -7.911037975,      -8.141041806,       -7.54146261,      -12.28940644
          0,           0,         409,       -8.44309096,      -7.918736249,      -8.148831035,      -7.549238383,      -12.29730165
          0,           0,         410,      -8.450840409,      -7.926435138,      -8.156621834,      -7.557015497,      -12.30519767
          0,           0,         411,      -8.458591032,      -7.934134666,      -8.164414188,      -7.564793888,      -12.31309454
          0,           0,         412,      -8.466342786,      -7.941834858,      -8.172208071,      -7.572573497,      -12.32099231
          0,           0,         413,      -8.474095629,      -7.949535739,      -8.180003452,      -7.580354267,        -12.328891
          0,           0,         414,      -8.481849529,      -7.957237337,      -8.187800296,      -7.588136151,      -12.33679061
          0,           0,         415,      -8.489604464,      -7.964939677,      -8.195598563,      -7.595919114,      -12.34469116
          0,           0,         416,      -8.497360424,      -7.972642786,      -8.203398216,      -7.603703134,      -12.35259263
          0,           0,         417,      -8.505117408,      -7.980346688,      -8.211199218,      -7.611488205,      -12.36049506
          0,           0,         418,      -8.512875431,      -7.988051404,      -8.219001538,      -7.619274334,      -12.36839849
          0,           0,         419,      -8.520634518,      -7.995756955,      -8.226805149,      -7.627061545,      -12.37630294
          0,           0,         420,      -8.528394704,      -8.003463358,      -8.234610031,      -7.634849873,      -12.38420847
          0,           0,         421,      -8.536156029,      -8.011170627,      -8.242416175,       -7.64263936,       -12.3921151
          0,           0,         422,      -8.543918543,      -8.018878776,      -8.250223576,       -7.65043006,      -12.40002284
          0,           0,         423,      -8.551682294,      -8.026587814,      -8.258032241,      -7.658222027,      -12.40793167
          0,           0,         424,      -8.559447332,       -8.03429775,      -8.265842182,      -7.666015318,       -12.4158416
          0,           0,         425,      -8.567213704,      -8.042008591,      -8.273653419,      -7.673809986,      -12.42375264
          0,           0,         426,      -8.574981453,      -8.049720344,      -8.281465976,      -7.681606081,       -12.4316648
          0,           0,         427,      -8.582750616,      -8.057433015,      -8.289279883,      -7.689403645,       -12.4395781
          0,           0,         428,      -8.590521222,      -8.065146611,       -8.29709517,      -7.697202714,      -12.44749249
          0,           0,         429,       -8.59829329,      -8.072861138,      -8.304911869,      -7.705003313,      -12.45540799
          0,           0,         430,      -8.606066836,      -8.080576604,       -8.31273001,      -7.712805457,       -12.4633246
          0,           0,         431,      -8.613841864,       -8.08829302,      -8.320549622,      -7.720609154,      -12.47124231
          0,           0,         432,      -8.621618374,      -8.096010396,       -8.32837073,      -7.728414405,      -12.47916111
          0,           0,         433,      -8.629396359,      -8.103728745,      -8.336193357,      -7.736221199,      -12.48708097
          0,           0,         434,      -8.637175808,      -8.111448081,      -8.344017521,      -7.744029526,      -12.49500187
          0,           0,         435,      -8.644956705,      -8.119168421,      -8.351843234,      -7.751839365,      -12.50292379
          0,           0,         436,      -8.652739035,      -8.126889782,      -8.359670506,      -7.759650698,      -12.51084671
          0,           0,         437,       -8.66052278,      -8.134612181,      -8.367499342,        -7.7674635,       -12.5187706
          0,           0,         438,      -8.668307922,      -8.142335639,      -8.375329745,      -7.775277751,      -12.52669544
          0,           0,         439,      -8.676094445,      -8.150060174,      -8.383161712,      -7.783093429,      -12.53462121
          0,           0,         440,      -8.683882338,      -8.157785806,      -8.390995242,      -7.790910519,      -12.54254794
          0,           0,         441,      -8.691671591,      -8.165512552,      -8.398830329,      -7.798729008,      -12.55047562
          0,           0,         442,      -8.699462199,      -8.173240432,      -8.406666968,      -7.806548887,       -12.5584043
          0,           0,         443,      -8.707254163,       -8.18096946,      -8.414505152,      -7.814370154,      -12.56633398
          0,           0,         444,      -8.715047487,      -8.188699651,      -8.422344876,      -7.822192814,      -12.57426467
          0,           0,         445,      -8.722842183,      -8.196431019,      -8.430186136,      -7.830016877,      -12.58219639
          0,           0,         446,      -8.730638261,      -8.204163574,      -8.438028929,      -7.837842356,      -12.59012913
          0,           0,         447,      -8.738435742,      -8.211897325,      -8.445873252,      -7.845669273,      -12.59806289
          0,           0,         448,      -8.746234647,      -8.219632277,      -8.453719105,      -7.853497653,      -12.60599766
          0,           0,         449,      -8.754034998,      -8.227368433,      -8.461566485,      -7.861327524,      -12.61393344
          0,           0,         450,      -8.761836806,      -8.235105803,      -8.469415399,      -7.869158899,      -12.62187023
          0,           0,         451,      -8.769640094,      -8.242844392,      -8.477265851,      -7.876991805,      -12.62980804
          0,           0,         452,      -8.777444885,      -8.250584204,      -8.485117849,      -7.884826273,      -12.63774687
          0,           0,         453,      -8.785251196,      -8.258325245,      -8.492971402,      -7.892662326,      -12.64568671
          0,           0,         454,      -8.793059039,      -8.266067518,      -8.500826518,      -7.900499985,      -12.65362756
          0,           0,         455,      -8.800868421,      -8.273811024,      -8.508683207,      -7.908339262,      -12.66156944
          0,           0,         456,      -8.808679348,      -8.281555767,      -8.516541472,      -7.916180167,      -12.66951235
          0,           0,         457,       -8.81649182,       -8.28930175,      -8.524401321,      -7.924022706,       -12.6774563
          0,           0,         458,      -8.824305836,      -8.297048981,       -8.53226276,       -7.93186688,       -12.6854013
          0,           0,         459,      -8.832121392,      -8.304797466,      -8.540125795,      -7.939712691,      -12.69334734
          0,           0,         460,      -8.839938478,      -8.312547215,      -8.547990434,      -7.947560132,      -12.70129441
          0,           0,         461,      -8.847757081,      -8.320298237,      -8.555856683,      -7.955409196,      -12.70924253
          0,           0,         462,      -8.855577186,      -8.328050544,      -8.563724547,      -7.963259871,      -12.71719172
          0,           0,         463,      -8.863398777,      -8.335804147,      -8.571594028,      -7.971112142,        -12.725142
          0,           0,         464,      -8.871221838,      -8.343559056,      -8.579465131,      -7.978965997,      -12.73309336
          0,           0,         465,      -8.879046353,      -8.351315286,      -8.587337855,      -7.986821422,      -12.74104584
          0,           0,         466,      -8.886872308,      -8.359072846,      -8.595212201,      -7.994678406,      -12.74899947
          0,           0,         467,      -8.894699693,      -8.366831751,       -8.60308817,       -8.00253694,      -12.75695428
          0,           0,         468,      -8.902528498,      -8.374592009,      -8.610965758,      -8.010397017,      -12.76491031
          0,           0,         469,      -8.910358716,      -8.382353632,      -8.618844968,      -8.018258635,      -12.77286754
          0,           0,         470,      -8.918190349,      -8.390116629,      -8.626725797,      -8.026121796,      -12.78082597
          0,           0,         471,      -8.926023391,      -8.397881009,      -8.634608246,      -8.033986503,       -12.7887856
          0,           0,         472,       -8.93385785,      -8.405646776,      -8.642492313,      -8.041852764,      -12.79674639
          0,           0,         473,      -8.941693728,      -8.413413938,      -8.650377999,       -8.04972059,      -12.80470835
          0,           0,         474,       -8.94953103,        -8.4211825,      -8.658265306,      -8.057589991,      -12.81267145
          0,           0,         475,      -8.957369765,      -8.428952464,      -8.666154233,       -8.06546098,      -12.82063571
          0,           0,         476,      -8.965209938,      -8.436723836,      -8.674044784,      -8.073333572,      -12.82860114
          0,           0,         477,      -8.973051559,      -8.444496615,      -8.681936958,      -8.081207782,      -12.83656774
          0,           0,         478,      -8.980894632,      -8.452270806,      -8.689830759,      -8.089083623,      -12.84453551
          0,           0,         479,      -8.988739162,       -8.46004641,       -8.69772619,      -8.096961105,      -12.85250444
          0,           0,         480,       -8.99658515,      -8.467823429,      -8.705623252,       -8.10484024,       -12.8604745
          0,           0,         481,      -9.004432599,      -8.475601865,      -8.713521948,      -8.112721038,      -12.86844567
          0,           0,         482,      -9.012281506,       -8.48338172,       -8.72142228,      -8.120603503,      -12.87641793
          0,           0,         483,      -9.020131865,      -8.491162997,      -8.729324251,      -8.128487638,      -12.88439126
          0,           0,         484,      -9.027983673,      -8.498945699,      -8.737227861,      -8.136373446,      -12.89236563
          0,           0,         485,      -9.035836917,      -8.506729831,      -8.745133113,      -8.144260922,      -12.90034103
          0,           0,         486,      -9.043691588,      -8.514515395,      -8.753040004,      -8.152150066,      -12.90831745
          0,           0,         487,      -9.051547668,      -8.522302399,      -8.760948535,      -8.160040865,      -12.91629489
          0,           0,         488,      -9.059405144,      -8.530090847,      -8.768858704,      -8.167933313,      -12.92427337
          0,           0,         489,      -9.067263996,      -8.537880746,       -8.77677051,      -8.175827397,       -12.9322529
          0,           0,         490,      -9.075124209,      -8.545672101,      -8.784683948,      -8.183723109,      -12.94023349
          0,           0,         491,      -9.082985765,       -8.55346492,      -8.792599016,      -8.191620436,      -12.94821517
          0,           0,         492,      -9.090848646,      -8.561259208,      -8.800515708,      -8.199519368,      -12.95619793
          0,           0,         493,      -9.098712837,      -8.569054973,      -8.808434019,      -8.207419897,      -12.96418179
          0,           0,         494,       -9.10657832,      -8.576852222,      -8.816353944,       -8.21532201,      -12.97216672
          0,           0,         495,      -9.114445087,      -8.584650959,      -8.824275479,      -8.223225707,      -12.98015271
          0,           0,         496,      -9.122313121,       -8.59245119,      -8.832198619,      -8.231130978,      -12.98813974
          0,           0,         497,      -9.130182417,      -8.600252921,      -8.840123358,      -8.239037827,      -12.99612778
          0,           0,         498,      -9.138052964,      -8.608056157,      -8.848049694,      -8.246946249,      -13.00411683
          0,           0,         499,      -9.145924758,      -8.615860898,      -8.855977619,       -8.25485625,      -13.01210688
          0,           0,         500,       -9.15379779,      -8.623667151,      -8.863907132,      -8.262767829,      -13.02009795
          0,           0,         501,       -9.16167206,      -8.631474916,      -8.871838231,      -8.270680993,      -13.02809003
          0,           0,         502,      -9.169547561,      -8.639284196,      -8.879770913,      -8.278595748,      -13.03608314
          0,           0,         503,      -9.177424294,      -8.647094993,      -8.887705178,      -8.286512101,      -13.04407726
          0,           0,         504,      -9.185302254,      -8.654907307,      -8.895641025,      -8.294430058,      -13.05207239
          0,           0,         505,      -9.193181436,      -8.662721139,      -8.903578455,      -8.302349623,       -13.0600685
          0,           0,         506,      -9.201061837,      -8.670536489,      -8.911517467,      -8.310270801,       -13.0680656
          0,           0,         507,      -9.208943454,      -8.678353359,      -8.919458059,      -8.318193603,      -13.07606368
          0,           0,         508,      -9.216826278,      -8.686171747,      -8.927400236,      -8.326118028,      -13.08406276
          0,           0,         509,      -9.224710301,      -8.693991655,      -8.935343995,      -8.334044074,      -13.09206282
          0,           0,         510,      -9.232595513,      -8.701813083,      -8.943289336,      -8.341971744,      -13.10006388
          0,           0,         511,      -9.240481903,      -8.709636035,       -8.95123626,      -8.349901037,      -13.10806593
          0,           0,         512,      -9.248369461,      -8.717460507,      -8.959184767,      -8.357831947,      -13.11606897
          0,           0,         513,      -9.256258171,      -8.725286503,      -8.967134856,      -8.365764473,        -13.124073
          0,           0,         514,       -9.26414802,      -8.733114025,      -8.975086523,      -8.373698608,        -13.132078
          0,           0,         515,      -9.272038993,      -8.740943074,      -8.983039766,      -8.381634345,      -13.14008397
          0,           0,         516,      -9.279931071,      -8.748773651,      -8.990994584,      -8.389571675,       -13.1480909
          0,           0,         517,      -9.287824237,      -8.756605759,      -8.998950974,       -8.39751059,      -13.15609878
          0,           0,         518,      -9.295718481,      -8.764439399,      -9.006908931,      -8.405451085,      -13.16410759
          0,           0,         519,      -9.303613782,      -8.772274572,      -9.014868452,      -8.413393152,      -13.17211733
          0,           0,         520,      -9.311510123,      -8.780111284,      -9.022829532,      -8.421336783,      -13.18012797
          0,           0,         521,      -9.319407496,      -8.787949533,      -9.030792162,      -8.429281974,      -13.18813954
          0,           0,         522,      -9.327305878,      -8.795789321,       -9.03875634,      -8.437228715,      -13.19615203
          0,           0,         523,      -9.335205259,      -8.803630652,      -9.046722061,      -8.445177004,      -13.20416548
          0,           0,         524,      -9.343105625,      -8.811473523,      -9.054689319,      -8.453126837,      -13.21217991
          0,           0,         525,      -9.351006963,      -8.819317938,      -9.062658109,      -8.461078208,      -13.22019534
          0,           0,         526,      -9.358909265,      -8.827163895,      -9.070628424,      -8.469031119,      -13.22821178
          0,           0,         527,      -9.366812515,      -8.835011395,      -9.078600259,      -8.476985567,      -13.23622922
          0,           0,         528,      -9.374716704,      -8.842860436,      -9.086573609,      -8.484941548,      -13.24424768
          0,           0,         529,      -9.382621819,      -8.850711017,      -9.094548465,      -8.492899064,      -13.25226715
          0,           0,         530,       -9.39052785,      -8.858563137,      -9.102524825,      -8.500858113,      -13.26028762
          0,           0,         531,      -9.398434782,      -8.866416797,      -9.110502687,      -8.508818689,      -13.26830909
          0,           0,         532,      -9.406342611,      -8.874271991,      -9.118482046,      -8.516780799,      -13.27633155
          0,           0,         533,      -9.414251331,       -8.88212872,      -9.126462901,      -8.524744449,      -13.28435507
          0,           0,         534,      -9.422160931,      -8.889986985,      -9.134445247,      -8.532709637,      -13.29237968
          0,           0,         535,      -9.430071401,      -8.897846782,      -9.142429085,      -8.540676361,      -13.30040499
          0,           0,         536,       -9.43798274,      -8.905708112,      -9.150414419,      -8.548644634,      -13.30843111
          0,           0,         537,      -9.445894931,      -8.913570972,      -9.158401242,      -8.556614449,      -13.31645781
          0,           0,         538,      -9.453807974,      -8.921435367,      -9.166389565,      -8.564585814,      -13.32448571
          0,           0,         539,      -9.461721853,       -8.92930129,      -9.174379376,      -8.572558731,      -13.33251471
          0,           0,         540,      -9.469636551,      -8.937168745,      -9.182370684,      -8.580533185,       -13.3405447
          0,           0,         541,       -9.47755205,      -8.945037732,      -9.190363487,      -8.588509172,      -13.34857562
          0,           0,         542,      -9.485468337,      -8.952908246,      -9.198357781,      -8.596486683,      -13.35660746
          0,           0,         543,      -9.493385388,      -8.960780291,      -9.206353559,      -8.604465711,      -13.36464021
          0,           0,         544,      -9.501303183,      -8.968653862,      -9.214350817,      -8.612446243,      -13.37267388
          0,           0,         545,      -9.509221691,      -8.976528957,      -9.222349543,      -8.620428254,      -13.38070849
          0,           0,         546,      -9.517140895,      -8.984405577,      -9.230349729,      -8.628411743,      -13.38874406
          0,           0,         547,      -9.525060764,      -8.992283718,      -9.238351355,      -8.636396686,      -13.39678057
          0,           0,         548,      -9.532981274,       -9.00016338,      -9.246354413,      -8.644383062,      -13.40481802
          0,           0,         549,      -9.540902399,      -9.008044556,      -9.254358882,      -8.652370858,      -13.41285641
          0,           0,         550,      -9.548824119,      -9.015927247,       -9.26236475,      -8.660360065,      -13.42089573
          0,           0,         551,      -9.556746418,      -9.023811451,      -9.270371995,      -8.668350679,      -13.42893597
          0,           0,         552,      -9.564669271,      -9.031697163,      -9.278380613,      -8.676342684,      -13.43697713
          0,           0,         553,       -9.57259267,      -9.039584384,      -9.286390577,      -8.684336079,      -13.44501921
          0,           0,         554,      -9.580516598,      -9.047473109,      -9.294401878,      -8.692330861,       -13.4530622
          0,           0,         555,      -9.588441041,       -9.05536334,      -9.302414506,      -8.700327027,      -13.46110609
          0,           0,         556,      -9.596365988,      -9.063255076,       -9.31042845,      -8.708324578,      -13.46915087
          0,           0,         557,      -9.604291429,      -9.071148314,      -9.318443702,      -8.716323516,      -13.47719652
          0,           0,         558,      -9.612217355,      -9.079043057,       -9.32646026,      -8.724323846,      -13.48524299
          0,           0,         559,      -9.620143751,      -9.086939301,      -9.334478123,      -8.732325558,      -13.49329029
          0,           0,         560,      -9.628070606,      -9.094837045,      -9.342497294,      -8.740328661,      -13.50133841
          0,           0,         561,      -9.635997914,      -9.102736296,       -9.35051777,      -8.748333157,      -13.50938741
          0,           0,         562,      -9.643925664,       -9.11063704,      -9.358539559,      -8.756339043,       -13.5174373
          0,           0,         563,      -9.651853845,      -9.118539282,      -9.366562666,      -8.764346322,       -13.5254881
          0,           0,         564,      -9.659782455,       -9.12644302,      -9.374587095,      -8.772355005,       -13.5335398
          0,           0,         565,      -9.667711474,      -9.134348246,      -9.382612852,      -8.780365082,      -13.54159239
          0,           0,         566,      -9.675640903,       -9.14225496,      -9.390639943,      -8.788376557,      -13.54964587
          0,           0,         567,      -9.683570718,      -9.150163158,       -9.39866837,      -8.796389426,      -13.55770024
          0,           0,         568,      -9.691500911,      -9.158072829,      -9.406698138,      -8.804403689,      -13.56575549
          0,           0,         569,      -9.699431473,      -9.165983978,      -9.414729248,      -8.812419336,      -13.57381162
          0,           0,         570,      -9.707362379,       -9.17389659,      -9.422761695,      -8.820436361,      -13.58186863
          0,           0,         571,      -9.715293615,       -9.18181067,       -9.43079548,      -8.828454756,       -13.5899265
          0,           0,         572,      -9.723225166,      -9.189726207,      -9.438830603,      -8.836474515,      -13.59798523
          0,           0,         573,      -9.731157011,      -9.197643196,      -9.446867044,      -8.844495626,      -13.60604481
          0,           0,         574,      -9.739089134,      -9.205561634,      -9.454904814,      -8.852518076,      -13.61410522
          0,           0,         575,      -9.747021513,       -9.21348152,      -9.462943896,      -8.860541862,      -13.62216645
          0,           0,         576,       -9.75495414,      -9.221402841,      -9.470984275,       -8.86856697,      -13.63022852
          0,           0,         577,      -9.762886985,      -9.229325604,      -9.479025942,      -8.876593395,      -13.63829146
          0,           0,         578,      -9.770820047,      -9.237249796,      -9.487068892,      -8.884621139,      -13.64635533
          0,           0,         579,      -9.778753305,      -9.245175421,      -9.495113099,      -8.892650183,      -13.65442017
          0,           0,         580,      -9.786686732,      -9.253102474,      -9.503158569,      -8.900680521,       -13.6624859
          0,           0,         581,       -9.79462032,      -9.261030947,      -9.511205277,      -8.908712157,      -13.67055247
          0,           0,         582,      -9.802554051,       -9.26896084,      -9.519253217,      -8.916745078,      -13.67861989
          0,           0,         583,      -9.810487911,      -9.276892154,       -9.52730238,      -8.924779273,      -13.68668816
          0,           0,         584,      -9.818421895,      -9.284824871,      -9.535352752,      -8.932814761,      -13.69475731
          0,           0,         585,      -9.826355962,      -9.292759008,      -9.543404339,      -8.940851503,      -13.70282734
          0,           0,         586,      -9.834290127,      -9.300694548,      -9.551457112,      -8.948889528,      -13.71089825
          0,           0,         587,      -9.842224342,      -9.308631501,      -9.559511091,      -8.956928797,      -13.71897005
          0,           0,         588,      -9.850158603,      -9.316569852,      -9.567566257,      -8.964969319,      -13.72704274
          0,           0,         589,      -9.858092909,      -9.324509598,      -9.575622612,      -8.973011099,      -13.73511632
          0,           0,         590,      -9.866027222,      -9.332450743,      -9.583680149,      -8.981054109,      -13.74319078
          0,           0,         591,      -9.873961543,      -9.340393277,      -9.591738854,      -8.989098368,      -13.75126614
          0,           0,         592,      -9.881895851,      -9.348337202,      -9.599798736,      -8.997143856,      -13.75934238
          0,           0,         593,      -9.889830137,      -9.356282502,      -9.607859783,      -9.005190579,      -13.76741951
          0,           0,         594,      -9.897764384,      -9.364229185,      -9.615921993,      -9.013238526,      -13.77549753
          0,           0,         595,      -9.905698568,      -9.372177241,      -9.623985366,      -9.021287688,      -13.78357644
          0,           0,         596,      -9.913632687,      -9.380126669,      -9.632049896,      -9.029338069,      -13.79165623
          0,           0,         597,      -9.921566725,      -9.388077457,      -9.640115562,      -9.037389663,      -13.79973688
          0,           0,         598,      -9.929500648,      -9.396029615,      -9.648182381,      -9.045442439,      -13.80781834
          0,           0,         599,      -9.937434457,      -9.403983135,      -9.656250339,      -9.053496424,      -13.81590059
          0,           0,         600,      -9.945368127,      -9.411938001,      -9.664319428,      -9.061551593,       -13.8239836
          0,           0,         601,      -9.953301656,      -9.419894222,      -9.672389651,      -9.069607945,       -13.8320674
          0,           0,         602,      -9.961235034,      -9.427851788,      -9.680460993,      -9.077665487,      -13.84015198
          0,           0,         603,       -9.96916822,      -9.435810694,      -9.688533446,      -9.085724196,      -13.84823738
          0,           0,         604,      -9.977101205,      -9.443770941,      -9.696607013,      -9.093784059,      -13.85632356
          0,           0,         605,      -9.985033993,      -9.451732523,      -9.704681685,      -9.101845097,      -13.86441048
          0,           0,         606,      -9.992966549,      -9.459695438,      -9.712757461,      -9.109907276,      -13.87249821
          0,           0,         607,      -10.00089888,      -9.467659673,      -9.720834317,      -9.117970629,      -13.88058684
          0,           0,         608,      -10.00883094,      -9.475625235,      -9.728912267,      -9.126035098,      -13.88867639
          0,           0,         609,      -10.01676273,      -9.483592123,      -9.736991294,      -9.134100714,      -13.89676684
          0,           0,         610,      -10.02469424,      -9.491560321,      -9.745071387,      -9.142167455,      -13.90485817
          0,           0,         611,      -10.03262544,      -9.499529827,      -9.753152553,      -9.150235311,      -13.91295036
          0,           0,         612,      -10.04055635,      -9.507500637,      -9.761234778,      -9.158304303,      -13.92104341
          0,           0,         613,      -10.04848694,      -9.515472757,      -9.769318062,      -9.166374427,      -13.92913729
          0,           0,         614,      -10.05641718,      -9.523446159,      -9.777402387,      -9.174445655,      -13.93723201
          0,           0,         615,      -10.06434706,      -9.531420866,      -9.785487755,      -9.182517988,      -13.94532755
          0,           0,         616,      -10.07227658,      -9.539396854,      -9.793574174,      -9.190591416,      -13.95342391
          0,           0,         617,      -10.08020571,      -9.547374138,      -9.801661618,      -9.198665952,      -13.96152109
          0,           0,         618,      -10.08813445,      -9.555352688,      -9.809750083,      -9.206741574,      -13.96961909
          0,           0,         619,      -10.09606278,      -9.563332518,      -9.817839575,      -9.214818278,       -13.9777179
          0,           0,         620,      -10.10399066,      -9.571313618,      -9.825930078,      -9.222896047,      -13.98581752
          0,           0,         621,      -10.11191812,      -9.579295986,      -9.834021596,      -9.230974907,      -13.99391795
          0,           0,         622,      -10.11984512,      -9.587279613,      -9.842114109,      -9.239054831,      -14.00201919
          0,           0,         623,      -10.12777165,      -9.595264496,      -9.850207629,       -9.24713581,      -14.01012123
          0,           0,         624,       -10.1356977,      -9.603250641,      -9.858302125,      -9.255217859,      -14.01822408
          0,           0,         625,      -10.14362324,      -9.611238027,      -9.866397615,      -9.263300942,      -14.02632772
          0,           0,         626,      -10.15154828,      -9.619226653,      -9.874494083,      -9.271385068,      -14.03443217
          0,           0,         627,      -10.15947279,      -9.627216527,      -9.882591548,      -9.279470237,      -14.04253741
          0,           0,         628,      -10.16739677,      -9.635207623,      -9.890689944,       -9.28755644,      -14.05064344
          0,           0,         629,      -10.17532017,      -9.643199959,      -9.898789337,      -9.295643659,      -14.05875026
          0,           0,         630,      -10.18324301,      -9.651193513,      -9.906889689,      -9.303731902,      -14.06685786
          0,           0,         631,      -10.19116526,      -9.659188297,      -9.914990983,      -9.311821145,      -14.07496624
          0,           0,         632,      -10.19908692,      -9.667184293,      -9.923093233,      -9.319911418,       -14.0830754
          0,           0,         633,        -10.207008,      -9.675181493,      -9.931196413,      -9.328002717,      -14.09118535
          0,           0,         634,      -10.21492843,      -9.683179909,      -9.939300543,      -9.336095002,       -14.0992961
          0,           0,         635,      -10.22284824,      -9.691179524,      -9.947405585,      -9.344188282,      -14.10740765
          0,           0,         636,      -10.23076739,       -9.69918034,      -9.955511567,      -9.352282542,         -14.11552
          0,           0,         637,      -10.23868587,      -9.707182349,      -9.963618456,      -9.360377772,      -14.12363315
          0,           0,         638,      -10.24660367,      -9.715185551,      -9.971726282,      -9.368473976,       -14.1317471
          0,           0,         639,      -10.25452079,      -9.723189931,      -9.979835001,       -9.37657117,      -14.13986183
          0,           0,         640,      -10.26243722,      -9.731195497,      -9.987944628,      -9.384669341,      -14.14797734
          0,           0,         641,      -10.27035292,      -9.739202231,      -9.996055156,      -9.392768461,      -14.15609363
          0,           0,         642,      -10.27826792,      -9.747210132,      -10.00416656,      -9.400868546,      -14.16421068
          0,           0,         643,      -10.28618216,      -9.755219203,      -10.01227887,      -9.408969592,      -14.17232851
          0,           0,         644,      -10.29409566,      -9.763229438,      -10.02039207,      -9.417071563,      -14.18044712
          0,           0,         645,      -10.30200839,      -9.771240823,      -10.02850615,      -9.425174487,       -14.1885665
          0,           0,         646,      -10.30992034,      -9.779253351,      -10.03662109,       -9.43327834,      -14.19668665
          0,           0,         647,      -10.31783148,      -9.787267049,      -10.04473692,      -9.441383126,      -14.20480758
          0,           0,         648,      -10.32574187,      -9.795281869,      -10.05285361,      -9.449488846,      -14.21292928
          0,           0,         649,      -10.33365144,      -9.803297826,      -10.06097115,      -9.457595516,      -14.22105175
          0,           0,         650,      -10.34156017,      -9.811314917,      -10.06908954,      -9.465703086,      -14.22917499
          0,           0,         651,      -10.34946807,      -9.819333142,      -10.07720878,      -9.473811572,      -14.23729901
          0,           0,         652,      -10.35737512,       -9.82735248,      -10.08532886,      -9.481920967,      -14.24542378
          0,           0,         653,      -10.36528132,      -9.835372943,      -10.09344978,      -9.490031268,      -14.25354932
          0,           0,         654,      -10.37318661,      -9.843394514,      -10.10157154,      -9.498142433,      -14.26167563
          0,           0,         655,      -10.38109104,      -9.851417197,      -10.10969411,      -9.506254518,       -14.2698027
          0,           0,         656,      -10.38899456,      -9.859440993,      -10.11781753,      -9.514367466,      -14.27793053
          0,           0,         657,      -10.39689716,      -9.867465881,      -10.12594175,      -9.522481291,      -14.28605912
          0,           0,         658,      -10.40479884,      -9.875491877,      -10.13406679,      -9.530595964,      -14.29418847
          0,           0,         659,       -10.4126996,      -9.883518946,      -10.14219264,      -9.538711542,      -14.30231858
          0,           0,         660,       -10.4205994,      -9.891547112,      -10.15031927,       -9.54682798,      -14.31044944
          0,           0,         661,      -10.42849824,      -9.899576374,      -10.15844672,      -9.554945273,      -14.31858105
          0,           0,         662,      -10.43639615,       -9.90760668,      -10.16657495,      -9.563063447,      -14.32671342
          0,           0,         663,      -10.44429306,      -9.915638092,        -10.174704,       -9.57118244,      -14.33484653
          0,           0,         664,      -10.45218895,      -9.923670546,       -10.1828338,       -9.57930227,       -14.3429804
          0,           0,         665,      -10.46008388,      -9.931704075,      -10.19096439,       -9.58742297,      -14.35111501
          0,           0,         666,       -10.4679778,       -9.93973865,      -10.19909572,      -9.595544521,      -14.35925036
